case_id,customer_id,card_id,opened_at,closed_at,outcome,pattern,first_fraud_txn_id,txn_ids,n_txns,exposure_usd,connected_card_ids,actions_taken,report_filed,analyst_notes
CC-0008,C03667,C03667-K1,2016-07-03 00:56:48,2016-07-04 16:56:48,confirmed_fraud,account_takeover,3001018.0,3001018,1,49.04,,CREATE_CASE|BLOCK_CARD,No,Case CC-0008: cardholder C03667 reported unrecognized activity on card C03667-K1. 1 transaction(s) between 2016-07-02 and 2016-07-02 totaling $49.04 were confirmed fraudulent. Mixed-channel activity inconsistent with the cardholder; credentials and card data both used. Card blocked and reissued. Customer reimbursed.
CC-0013,C11464,C11464-K2,2016-07-03 09:17:43,2016-07-06 06:17:43,confirmed_fraud,account_takeover,3002951.0,3002951,1,261.95,,CREATE_CASE|BLOCK_CARD,No,Case CC-0013: cardholder C11464 reported unrecognized activity on card C11464-K2. 1 transaction(s) between 2016-07-03 and 2016-07-03 totaling $261.95 were confirmed fraudulent. Mixed-channel activity inconsistent with the cardholder; credentials and card data both used. Card blocked and reissued. Customer reimbursed.
CC-0020,C11082,C11082-K1,2016-07-03 21:54:56,2016-07-09 16:54:56,confirmed_fraud,account_takeover,3000808.0,3000808|3000825|3003871|3003906,4,433.91,,CREATE_CASE|BLOCK_CARD,No,Case CC-0020: cardholder C11082 reported unrecognized activity on card C11082-K1. 4 transaction(s) between 2016-07-02 and 2016-07-03 totaling $433.91 were confirmed fraudulent. Mixed-channel activity inconsistent with the cardholder; credentials and card data both used. Card blocked and reissued. Customer reimbursed.
CC-0024,C06059,C06059-K2,2016-07-03 23:13:51,2016-07-08 15:13:51,confirmed_fraud,account_takeover,3003459.0,3003459|3003503,2,1894.06,,CREATE_CASE|BLOCK_CARD|FILE_REPORT,Yes,"Case CC-0024: cardholder C06059 reported unrecognized activity on card C06059-K2. 2 transaction(s) between 2016-07-03 and 2016-07-03 totaling $1,894.06 were confirmed fraudulent. Mixed-channel activity inconsistent with the cardholder; credentials and card data both used. Card blocked and reissued. Customer reimbursed."
CC-0025,C12311,C12311-K2,2016-07-03 23:24:56,2016-07-05 15:24:56,confirmed_fraud,account_takeover,3003546.0,3003546,1,100.0,,CREATE_CASE|BLOCK_CARD,No,Case CC-0025: cardholder C12311 reported unrecognized activity on card C12311-K2. 1 transaction(s) between 2016-07-03 and 2016-07-03 totaling $100.00 were confirmed fraudulent. Mixed-channel activity inconsistent with the cardholder; credentials and card data both used. Card blocked and reissued. Customer reimbursed.
CC-0001,C00259,C00259-K1,2016-07-02 07:17:26,2016-07-06 01:17:26,confirmed_fraud,card_not_present_fraud,3000120.0,3000120,1,155.43,,CREATE_CASE|BLOCK_CARD,No,Case CC-0001: cardholder C00259 reported unrecognized activity on card C00259-K1. 1 transaction(s) between 2016-07-02 and 2016-07-02 totaling $155.43 were confirmed fraudulent. Online purchases inconsistent with the cardholder's usual merchants and amounts. Card blocked and reissued. Customer reimbursed.
CC-0007,C00732,C00732-K1,2016-07-03 00:45:04,2016-07-07 03:45:04,confirmed_fraud,card_not_present_fraud,3000264.0,3000264,1,99.91,,CREATE_CASE|BLOCK_CARD,No,Case CC-0007: cardholder C00732 reported unrecognized activity on card C00732-K1. 1 transaction(s) between 2016-07-02 and 2016-07-02 totaling $99.91 were confirmed fraudulent. Online purchases inconsistent with the cardholder's usual merchants and amounts. Online transactions came from a Trident/7.0 on ie 11.0 for desktop. Card blocked and reissued. Customer reimbursed.
CC-0012,C07220,C07220-K1,2016-07-03 08:40:41,2016-07-07 23:40:41,confirmed_fraud,card_not_present_fraud,3002019.0,3002019,1,123.52,,CREATE_CASE|BLOCK_CARD,No,Case CC-0012: cardholder C07220 reported unrecognized activity on card C07220-K1. 1 transaction(s) between 2016-07-02 and 2016-07-02 totaling $123.52 were confirmed fraudulent. Online purchases inconsistent with the cardholder's usual merchants and amounts. Card blocked and reissued. Customer reimbursed.
CC-0014,C01002,C01002-K1,2016-07-03 09:35:08,2016-07-08 23:35:08,confirmed_fraud,card_not_present_fraud,3002010.0,3002010,1,75.15,,CREATE_CASE|BLOCK_CARD,No,Case CC-0014: cardholder C01002 reported unrecognized activity on card C01002-K1. 1 transaction(s) between 2016-07-02 and 2016-07-02 totaling $75.15 were confirmed fraudulent. Online purchases inconsistent with the cardholder's usual merchants and amounts. Online transactions came from a Windows on chrome 62.0. Card blocked and reissued. Customer reimbursed.
CC-0022,C07847,C07847-K2,2016-07-03 22:54:31,2016-07-04 20:54:31,confirmed_fraud,card_not_present_fraud,3001611.0,3001611,1,100.04,,CREATE_CASE|BLOCK_CARD,No,Case CC-0022: cardholder C07847 reported unrecognized activity on card C07847-K2. 1 transaction(s) between 2016-07-02 and 2016-07-02 totaling $100.04 were confirmed fraudulent. Online purchases inconsistent with the cardholder's usual merchants and amounts. Online transactions came from a Windows on firefox 57.0. Card blocked and reissued. Customer reimbursed.
CC-0011,C13259,C13259-K1,2016-07-03 07:46:35,2016-07-06 16:46:35,confirmed_fraud,card_not_present_new_device,3000989.0,3000989,1,149.95,,CREATE_CASE|BLOCK_CARD,No,"Case CC-0011: cardholder C13259 reported unrecognized activity on card C13259-K1. 1 transaction(s) between 2016-07-02 and 2016-07-02 totaling $149.95 were confirmed fraudulent. Online purchases from a device not previously seen on this account, inconsistent with the cardholder's history. Online transactions came from a SM-G550T Build/MMB29K on chrome 59.0 for android. Card blocked and reissued. Customer reimbursed."
CC-0018,C06800,C06800-K1,2016-07-03 19:37:07,2016-07-04 20:37:07,confirmed_fraud,card_not_present_new_device,3001565.0,3001565,1,150.07,,CREATE_CASE|BLOCK_CARD,No,"Case CC-0018: cardholder C06800 reported unrecognized activity on card C06800-K1. 1 transaction(s) between 2016-07-02 and 2016-07-02 totaling $150.07 were confirmed fraudulent. Online purchases from a device not previously seen on this account, inconsistent with the cardholder's history. Online transactions came from a iOS Device on mobile safari 11.0. Card blocked and reissued. Customer reimbursed."
CC-0019,C06208,C06208-K1,2016-07-03 21:52:10,2016-07-05 01:52:10,confirmed_fraud,card_not_present_new_device,3002476.0,3002476,1,225.09,,CREATE_CASE|BLOCK_CARD,No,"Case CC-0019: cardholder C06208 reported unrecognized activity on card C06208-K1. 1 transaction(s) between 2016-07-03 and 2016-07-03 totaling $225.09 were confirmed fraudulent. Online purchases from a device not previously seen on this account, inconsistent with the cardholder's history. Online transactions came from a rv:52.0 on firefox. Card blocked and reissued. Customer reimbursed."
CC-0029,C03277,C03277-K1,2016-07-04 00:43:03,2016-07-06 00:43:03,confirmed_fraud,card_not_present_new_device,3000150.0,3000150|3002210|3002242,3,600.08,,CREATE_CASE|BLOCK_CARD,No,"Case CC-0029: cardholder C03277 reported unrecognized activity on card C03277-K1. 3 transaction(s) between 2016-07-02 and 2016-07-03 totaling $600.08 were confirmed fraudulent. Online purchases from a device not previously seen on this account, inconsistent with the cardholder's history. Online transactions came from a MacOS on safari generic. Card blocked and reissued. Customer reimbursed."
CC-0031,C11923,C11923-K2,2016-07-04 01:23:36,2016-07-07 22:23:36,confirmed_fraud,card_not_present_new_device,3001820.0,3001820,1,20.36,,CREATE_CASE|BLOCK_CARD,No,"Case CC-0031: cardholder C11923 reported unrecognized activity on card C11923-K2. 1 transaction(s) between 2016-07-02 and 2016-07-02 totaling $20.36 were confirmed fraudulent. Online purchases from a device not previously seen on this account, inconsistent with the cardholder's history. Online transactions came from a Trident/7.0 on ie 11.0 for desktop. Card blocked and reissued. Customer reimbursed."
CC-0137,C12982,C12982-K1,2016-07-06 09:33:41,2016-07-11 03:33:41,confirmed_fraud,card_testing,3000196.0,3000196|3003954|3009763|3009897|3009912,5,402.43,,CREATE_CASE|BLOCK_CARD,No,"Case CC-0137: cardholder C12982 reported unrecognized activity on card C12982-K1. 5 transaction(s) between 2016-07-02 and 2016-07-05 totaling $402.43 were confirmed fraudulent. A run of very small online authorizations followed by a larger purchase, consistent with testing a stolen card number before use. Online transactions came from a Windows on chrome 61.0. Card blocked and reissued. Customer reimbursed."
CC-0290,C11923,C11923-K2,2016-07-09 19:59:09,2016-07-10 23:59:09,confirmed_fraud,card_testing,3009374.0,3009374|3011289|3015408|3015422|3017329|3020058|3022349|3023880,8,144.56,,CREATE_CASE|BLOCK_CARD,No,"Case CC-0290: cardholder C11923 reported unrecognized activity on card C11923-K2. 8 transaction(s) between 2016-07-05 and 2016-07-08 totaling $144.56 were confirmed fraudulent. A run of very small online authorizations followed by a larger purchase, consistent with testing a stolen card number before use. Card blocked and reissued. Customer reimbursed."
CC-0370,C12982,C12982-K1,2016-07-11 08:50:59,2016-07-16 20:50:59,confirmed_fraud,card_testing,3030014.0,3030014|3030042|3030311|3030361|3030371|3030384|3030528|3030537|3030620|3030625,10,426.72,,CREATE_CASE|BLOCK_CARD,No,"Case CC-0370: cardholder C12982 reported unrecognized activity on card C12982-K1. 10 transaction(s) between 2016-07-10 and 2016-07-10 totaling $426.72 were confirmed fraudulent. A run of very small online authorizations followed by a larger purchase, consistent with testing a stolen card number before use. Card blocked and reissued. Customer reimbursed."
CC-1235,C08962,C08962-K2,2016-07-26 19:03:45,2016-07-29 23:03:45,confirmed_fraud,card_testing,3046235.0,3046235|3053612|3057241|3060578|3060629|3063441|3064369|3066309|3066657|3066684|3066895|3069530|3076657|3082128|3083865|3084416|3087013|3091307|3093024|3094046|3103530,21,1030.15,,CREATE_CASE|BLOCK_CARD|FILE_REPORT,Yes,"Case CC-1235: cardholder C08962 reported unrecognized activity on card C08962-K2. 21 transaction(s) between 2016-07-14 and 2016-07-25 totaling $1,030.15 were confirmed fraudulent. A run of very small online authorizations followed by a larger purchase, consistent with testing a stolen card number before use. Online transactions came from a Windows on chrome 63.0. Card blocked and reissued. Customer reimbursed."
CC-1242,C11847,C11847-K2,2016-07-26 22:21:17,2016-07-29 15:21:17,confirmed_fraud,card_testing,3033677.0,3033677|3033785|3036775|3039436|3043166|3046099|3047589|3049742|3057355|3063616|3068270|3069837|3075684|3076404|3080155|3082312|3084283|3084536|3088503|3091496|3091549|3093354|3093365|3093681|3099623|3100354|3102060|3102279|3102787|3105131|3106022,31,1421.21,,CREATE_CASE|BLOCK_CARD|FILE_REPORT,Yes,"Case CC-1242: cardholder C11847 reported unrecognized activity on card C11847-K2. 31 transaction(s) between 2016-07-11 and 2016-07-26 totaling $1,421.21 were confirmed fraudulent. A run of very small online authorizations followed by a larger purchase, consistent with testing a stolen card number before use. Online transactions came from a Windows on chrome 63.0. Card blocked and reissued. Customer reimbursed."
CC-0003,C05876,C05876-K2,2016-07-02 16:34:01,2016-07-05 13:34:01,cleared,none,,3000607,1,0.0,,VERIFY_WITH_CUSTOMER|CLOSE_NO_FRAUD,No,Case CC-0003: model scored a $442.92 transaction at 0.91. Cardholder confirmed travel to the billing region in question. Alert cleared.
CC-0009,C10112,C10112-K1,2016-07-03 05:55:45,2016-07-06 01:55:45,cleared,none,,3002486,1,0.0,,VERIFY_WITH_CUSTOMER|CLOSE_NO_FRAUD,No,Case CC-0009: model scored a $149.98 transaction at 0.84. Cardholder confirmed the purchase from a new phone. Device added to profile. Alert cleared.
CC-0010,C03246,C03246-K1,2016-07-03 07:04:50,2016-07-04 04:04:50,cleared,none,,3002792,1,0.0,,VERIFY_WITH_CUSTOMER|CLOSE_NO_FRAUD,No,Case CC-0010: model scored a $96.95 transaction at 0.83. Cardholder confirmed the purchase from a new phone. Device added to profile. Alert cleared.
CC-0015,C04597,C04597-K2,2016-07-03 11:43:21,2016-07-05 03:43:21,cleared,none,,3002758,1,0.0,,VERIFY_WITH_CUSTOMER|CLOSE_NO_FRAUD,No,Case CC-0015: model scored a $93.80 transaction at 0.92. Cardholder confirmed the purchase from a new phone. Device added to profile. Alert cleared.
CC-0017,C03651,C03651-K2,2016-07-03 18:52:00,2016-07-04 12:52:00,cleared,none,,3003172,1,0.0,,VERIFY_WITH_CUSTOMER|CLOSE_NO_FRAUD,No,Case CC-0017: model scored a $149.97 transaction at 0.88. Cardholder confirmed the purchase from a new phone. Device added to profile. Alert cleared.
CC-0002,C06403,C06403-K2,2016-07-02 08:51:57,2016-07-04 05:51:57,confirmed_fraud,out_of_region_use,3000332.0,3000332,1,117.05,,CREATE_CASE|BLOCK_CARD,No,"Case CC-0002: cardholder C06403 reported unrecognized activity on card C06403-K2. 1 transaction(s) between 2016-07-02 and 2016-07-02 totaling $117.05 were confirmed fraudulent. Card-present use in a billing region the cardholder had no history in, while the cardholder retained the card. Card blocked and reissued. Customer reimbursed."
CC-0004,C13440,C13440-K2,2016-07-02 20:05:35,2016-07-05 17:05:35,confirmed_fraud,out_of_region_use,3000906.0,3000906|3001040,2,857.92,,CREATE_CASE|BLOCK_CARD,No,"Case CC-0004: cardholder C13440 reported unrecognized activity on card C13440-K2. 2 transaction(s) between 2016-07-02 and 2016-07-02 totaling $857.92 were confirmed fraudulent. Card-present use in a billing region the cardholder had no history in, while the cardholder retained the card. Card blocked and reissued. Customer reimbursed."
CC-0005,C08945,C08945-K2,2016-07-02 21:10:20,2016-07-04 02:10:20,confirmed_fraud,out_of_region_use,3000183.0,3000183,1,39.92,,CREATE_CASE|BLOCK_CARD,No,"Case CC-0005: cardholder C08945 reported unrecognized activity on card C08945-K2. 1 transaction(s) between 2016-07-02 and 2016-07-02 totaling $39.92 were confirmed fraudulent. Card-present use in a billing region the cardholder had no history in, while the cardholder retained the card. Card blocked and reissued. Customer reimbursed."
CC-0006,C11227,C11227-K2,2016-07-02 21:21:35,2016-07-08 18:21:35,confirmed_fraud,out_of_region_use,3001230.0,3001230,1,265.07,,CREATE_CASE|BLOCK_CARD,No,"Case CC-0006: cardholder C11227 reported unrecognized activity on card C11227-K2. 1 transaction(s) between 2016-07-02 and 2016-07-02 totaling $265.07 were confirmed fraudulent. Card-present use in a billing region the cardholder had no history in, while the cardholder retained the card. Card blocked and reissued. Customer reimbursed."
CC-0016,C03575,C03575-K2,2016-07-03 18:31:19,2016-07-04 22:31:19,confirmed_fraud,out_of_region_use,3001839.0,3001839,1,68.46,,CREATE_CASE|BLOCK_CARD,No,"Case CC-0016: cardholder C03575 reported unrecognized activity on card C03575-K2. 1 transaction(s) between 2016-07-02 and 2016-07-02 totaling $68.46 were confirmed fraudulent. Card-present use in a billing region the cardholder had no history in, while the cardholder retained the card. Card blocked and reissued. Customer reimbursed."
CC-2649,C03528,C03528-K1,2016-08-27 04:53:00,2016-08-31 12:53:00,confirmed_fraud,undocumented,3207726.0,3207726|3193380|3183118,3,390.04,C00255-K1|C01935-K1|C03551-K2|C03744-K1|C04311-K1|C06197-K2|C06617-K1|C07485-K1|C07762-K1|C08112-K2|C09174-K1|C09354-K1|C09733-K1|C09998-K1|C10350-K1|C10955-K2|C11468-K2|C11687-K2|C12033-K1|C12132-K2|C12395-K2|C12574-K1|C12900-K2,CREATE_CASE|BLOCK_CARD|FILE_REPORT,Yes,"Case CC-2649: cardholder C03528 reported 3 online purchase(s) they did not make. The purchases came from a Samsung SM-G935F on Chrome for Android behind an anonymous proxy, a device never seen on this account. Two other cardholders reported the same device profile this month. Pattern not matched to a documented typology. Card blocked and reissued."
CC-2971,C09998,C09998-K1,2016-09-03 03:25:00,2016-09-05 19:25:00,confirmed_fraud,undocumented,3207649.0,3207649|3229520,2,108.36,C00255-K1|C01935-K1|C03528-K1|C03551-K2|C03744-K1|C04311-K1|C06197-K2|C06617-K1|C07485-K1|C07762-K1|C08112-K2|C09174-K1|C09354-K1|C09733-K1|C10350-K1|C10955-K2|C11468-K2|C11687-K2|C12033-K1|C12132-K2|C12395-K2|C12574-K1|C12900-K2,CREATE_CASE|BLOCK_CARD|FILE_REPORT,Yes,"Case CC-2971: cardholder C09998 reported 2 online purchase(s) they did not make. The purchases came from a Samsung SM-G935F on Chrome for Android behind an anonymous proxy, a device never seen on this account. Two other cardholders reported the same device profile this month. Pattern not matched to a documented typology. Card blocked and reissued."
CC-2985,C06617,C06617-K1,2016-09-03 10:20:00,2016-09-09 08:20:00,confirmed_fraud,undocumented,3181760.0,3181760|3231674|3183441,3,381.4,C00255-K1|C01935-K1|C03528-K1|C03551-K2|C03744-K1|C04311-K1|C06197-K2|C07485-K1|C07762-K1|C08112-K2|C09174-K1|C09354-K1|C09733-K1|C09998-K1|C10350-K1|C10955-K2|C11468-K2|C11687-K2|C12033-K1|C12132-K2|C12395-K2|C12574-K1|C12900-K2,CREATE_CASE|BLOCK_CARD|FILE_REPORT,Yes,"Case CC-2985: cardholder C06617 reported 3 online purchase(s) they did not make. The purchases came from a Samsung SM-G935F on Chrome for Android behind an anonymous proxy, a device never seen on this account. Two other cardholders reported the same device profile this month. Pattern not matched to a documented typology. Card blocked and reissued."
CC-3035,C09733,C09733-K1,2016-09-04 12:44:00,2016-09-09 22:44:00,confirmed_fraud,undocumented,3233612.0,3233612|3233968,2,140.95,C00255-K1|C01935-K1|C03528-K1|C03551-K2|C03744-K1|C04311-K1|C06197-K2|C06617-K1|C07485-K1|C07762-K1|C08112-K2|C09174-K1|C09354-K1|C09998-K1|C10350-K1|C10955-K2|C11468-K2|C11687-K2|C12033-K1|C12132-K2|C12395-K2|C12574-K1|C12900-K2,CREATE_CASE|BLOCK_CARD|FILE_REPORT,Yes,"Case CC-3035: cardholder C09733 reported 2 online purchase(s) they did not make. The purchases came from a Samsung SM-G935F on Chrome for Android behind an anonymous proxy, a device never seen on this account. Two other cardholders reported the same device profile this month. Pattern not matched to a documented typology. Card blocked and reissued."
CC-3748,C12267,C12267-K2,2016-09-20 20:27:00,2016-09-26 15:27:00,confirmed_fraud,undocumented,3284089.0,3284089|3284119|3284143|3284161,4,1905.21,,CREATE_CASE|BLOCK_CARD|FILE_REPORT,Yes,"Case CC-3748: cardholder C12267 reported four online purchases within forty minutes, each just under $500, none of which they made. Amounts appear chosen to stay under a $500 authorization threshold. Pattern not matched to a documented typology. Card blocked and reissued."
CC-0056,C13171,C13171-K2,2016-07-04 18:17:38,2016-07-06 15:17:38,confirmed_fraud,card_not_present_new_device,3003521.0,3003521,1,40.21,,CREATE_CASE|BLOCK_CARD,No,"Case CC-0056: cardholder C13171 reported unrecognized activity on card C13171-K2. 1 transaction(s) between 2016-07-03 and 2016-07-03 totaling $40.21 were confirmed fraudulent. Online purchases from a device not previously seen on this account, inconsistent with the cardholder's history. Card blocked and reissued. Customer reimbursed."
CC-0104,C09933,C09933-K2,2016-07-05 15:32:11,2016-07-08 15:32:11,confirmed_fraud,out_of_region_use,3007244.0,3007244,1,92.02,,CREATE_CASE|BLOCK_CARD,No,"Case CC-0104: cardholder C09933 reported unrecognized activity on card C09933-K2. 1 transaction(s) between 2016-07-04 and 2016-07-04 totaling $92.02 were confirmed fraudulent. Card-present use in a billing region the cardholder had no history in, while the cardholder retained the card. Card blocked and reissued. Customer reimbursed."
CC-0255,C02354,C02354-K2,2016-07-09 00:09:53,2016-07-12 18:09:53,confirmed_fraud,account_takeover,3014915.0,3014915|3014994|3018610|3019093|3019154|3019614|3022316,7,1167.08,,CREATE_CASE|BLOCK_CARD|FILE_REPORT,Yes,"Case CC-0255: cardholder C02354 reported unrecognized activity on card C02354-K2. 7 transaction(s) between 2016-07-06 and 2016-07-08 totaling $1,167.08 were confirmed fraudulent. Mixed-channel activity inconsistent with the cardholder; credentials and card data both used. Online transactions came from a iOS Device on mobile safari 10.0. Card blocked and reissued. Customer reimbursed."
CC-0405,C02354,C02354-K2,2016-07-12 06:45:36,2016-07-14 22:45:36,cleared,none,,3035077,1,0.0,,VERIFY_WITH_CUSTOMER|CLOSE_NO_FRAUD,No,Case CC-0405: model scored a $22.30 transaction at 0.94. Cardholder confirmed travel to the billing region in question. Alert cleared.
CC-0454,C02354,C02354-K2,2016-07-13 16:11:34,2016-07-18 04:11:34,confirmed_fraud,account_takeover,3039150.0,3039150|3039253|3039469|3039781|3039789|3040275,6,940.94,,CREATE_CASE|BLOCK_CARD,No,Case CC-0454: cardholder C02354 reported unrecognized activity on card C02354-K2. 6 transaction(s) between 2016-07-12 and 2016-07-13 totaling $940.94 were confirmed fraudulent. Mixed-channel activity inconsistent with the cardholder; credentials and card data both used. Online transactions came from a iOS Device on mobile safari 11.0. Card blocked and reissued. Customer reimbursed.
CC-0467,C13171,C13171-K2,2016-07-13 20:52:43,2016-07-14 15:52:43,confirmed_fraud,card_not_present_new_device,3012791.0,3012791|3012922|3018737|3024961|3025566|3025610|3031872|3037062,8,649.77,,CREATE_CASE|BLOCK_CARD,No,"Case CC-0467: cardholder C13171 reported unrecognized activity on card C13171-K2. 8 transaction(s) between 2016-07-06 and 2016-07-12 totaling $649.77 were confirmed fraudulent. Online purchases from a device not previously seen on this account, inconsistent with the cardholder's history. Online transactions came from a ZEIA8 on chrome 62.0 for android. Card blocked and reissued. Customer reimbursed."
CC-0615,C03042,C03042-K1,2016-07-16 19:03:49,2016-07-21 00:03:49,confirmed_fraud,card_not_present_new_device,3051990.0,3051990,1,174.99,,CREATE_CASE|BLOCK_CARD,No,"Case CC-0615: cardholder C03042 reported unrecognized activity on card C03042-K1. 1 transaction(s) between 2016-07-16 and 2016-07-16 totaling $174.99 were confirmed fraudulent. Online purchases from a device not previously seen on this account, inconsistent with the cardholder's history. Online transactions came from a iOS Device on mobile safari 11.0. Card blocked and reissued. Customer reimbursed."
CC-0631,C02354,C02354-K2,2016-07-16 23:16:38,2016-07-22 03:16:38,confirmed_fraud,out_of_region_use,3052607.0,3052607|3052737,2,118.17,,CREATE_CASE|BLOCK_CARD,No,"Case CC-0631: cardholder C02354 reported unrecognized activity on card C02354-K2. 2 transaction(s) between 2016-07-16 and 2016-07-16 totaling $118.17 were confirmed fraudulent. Card-present use in a billing region the cardholder had no history in, while the cardholder retained the card. Card blocked and reissued. Customer reimbursed."
CC-0657,C09933,C09933-K2,2016-07-17 08:58:08,2016-07-20 02:58:08,cleared,none,,3056929,1,0.0,,VERIFY_WITH_CUSTOMER|CLOSE_NO_FRAUD,No,"Case CC-0657: model scored a $1,769.94 transaction at 0.90. Cardholder confirmed the purchase. Amount unusual for this customer but consistent with their stated intent. Alert cleared."
CC-0696,C08106,C08106-K1,2016-07-18 05:30:15,2016-07-19 00:30:15,cleared,none,,3060995,1,0.0,,VERIFY_WITH_CUSTOMER|CLOSE_NO_FRAUD,No,Case CC-0696: model scored a $13.68 transaction at 0.83. Cardholder confirmed travel to the billing region in question. Alert cleared.
CC-0765,C09933,C09933-K2,2016-07-19 14:13:43,2016-07-24 19:13:43,confirmed_fraud,out_of_region_use,3035514.0,3035514|3037820|3041471|3046450|3051040|3055339|3055384|3055413|3058830|3059799|3059825|3063989|3063997,13,1664.54,,CREATE_CASE|BLOCK_CARD|FILE_REPORT,Yes,"Case CC-0765: cardholder C09933 reported unrecognized activity on card C09933-K2. 13 transaction(s) between 2016-07-12 and 2016-07-18 totaling $1,664.54 were confirmed fraudulent. Card-present use in a billing region the cardholder had no history in, while the cardholder retained the card. Card blocked and reissued. Customer reimbursed."
CC-0772,C13171,C13171-K2,2016-07-19 16:55:19,2016-07-23 11:55:19,confirmed_fraud,card_not_present_new_device,3050677.0,3050677|3059117|3067027,3,183.27,,CREATE_CASE|BLOCK_CARD,No,"Case CC-0772: cardholder C13171 reported unrecognized activity on card C13171-K2. 3 transaction(s) between 2016-07-15 and 2016-07-19 totaling $183.27 were confirmed fraudulent. Online purchases from a device not previously seen on this account, inconsistent with the cardholder's history. Online transactions came from a CRO-L03 Build/HUAWEICRO-L03 on chrome 62.0 for android. Card blocked and reissued. Customer reimbursed."
CC-0873,C10434,C10434-K1,2016-07-21 11:56:18,2016-07-23 05:56:18,cleared,none,,3076736,1,0.0,,VERIFY_WITH_CUSTOMER|CLOSE_NO_FRAUD,No,Case CC-0873: model scored a $50.05 transaction at 0.93. Cardholder confirmed travel to the billing region in question. Alert cleared.
CC-1056,C11923,C11923-K2,2016-07-24 02:41:55,2016-07-25 23:41:55,confirmed_fraud,card_not_present_new_device,3031806.0,3031806|3035501|3035738|3040952|3041174|3042525|3042624|3043950|3045227|3052803|3056803|3059207|3059961|3060772|3062424|3062488|3063492|3064629|3071061|3071091|3071116|3071333|3076328|3076738|3077255|3078484|3081748|3086298,28,1557.95,,CREATE_CASE|BLOCK_CARD|FILE_REPORT,Yes,"Case CC-1056: cardholder C11923 reported unrecognized activity on card C11923-K2. 28 transaction(s) between 2016-07-11 and 2016-07-22 totaling $1,557.95 were confirmed fraudulent. Online purchases from a device not previously seen on this account, inconsistent with the cardholder's history. Card blocked and reissued. Customer reimbursed."
CC-1066,C12382,C12382-K1,2016-07-24 03:41:00,2016-07-29 18:41:00,confirmed_fraud,out_of_region_use,3090135.0,3090135,1,170.98,,CREATE_CASE|BLOCK_CARD,No,"Case CC-1066: cardholder C12382 reported unrecognized activity on card C12382-K1. 1 transaction(s) between 2016-07-23 and 2016-07-23 totaling $170.98 were confirmed fraudulent. Card-present use in a billing region the cardholder had no history in, while the cardholder retained the card. Card blocked and reissued. Customer reimbursed."
CC-1228,C09933,C09933-K2,2016-07-26 15:26:52,2016-07-28 17:26:52,confirmed_fraud,account_takeover,3074366.0,3074366|3074509|3076463|3077093|3081149|3081192|3086913|3091426|3100127|3101379,10,1112.65,,CREATE_CASE|BLOCK_CARD|FILE_REPORT,Yes,"Case CC-1228: cardholder C09933 reported unrecognized activity on card C09933-K2. 10 transaction(s) between 2016-07-20 and 2016-07-25 totaling $1,112.65 were confirmed fraudulent. Mixed-channel activity inconsistent with the cardholder; credentials and card data both used. Card blocked and reissued. Customer reimbursed."
CC-1293,C13171,C13171-K2,2016-07-27 18:06:16,2016-07-29 03:06:16,confirmed_fraud,card_not_present_fraud,3081145.0,3081145|3081191|3081517|3085733|3085759|3087851|3098221|3105036|3105060|3110106,10,419.34,,CREATE_CASE|BLOCK_CARD,No,Case CC-1293: cardholder C13171 reported unrecognized activity on card C13171-K2. 10 transaction(s) between 2016-07-22 and 2016-07-27 totaling $419.34 were confirmed fraudulent. Online purchases inconsistent with the cardholder's usual merchants and amounts. Online transactions came from a SM-A300H Build/LRX22G on chrome 63.0 for android. Card blocked and reissued. Customer reimbursed.
CC-1313,C03042,C03042-K1,2016-07-28 00:03:51,2016-07-28 22:03:51,cleared,none,,3113745,1,0.0,,VERIFY_WITH_CUSTOMER|CLOSE_NO_FRAUD,No,Case CC-1313: model scored a $100.08 transaction at 0.87. Cardholder confirmed travel to the billing region in question. Alert cleared.
CC-1383,C04570,C04570-K1,2016-07-29 01:30:41,2016-08-01 00:30:41,cleared,none,,3118964,1,0.0,,VERIFY_WITH_CUSTOMER|CLOSE_NO_FRAUD,No,Case CC-1383: model scored a $99.98 transaction at 0.91. Cardholder confirmed travel to the billing region in question. Alert cleared.
CC-1450,C02354,C02354-K2,2016-07-30 07:41:05,2016-08-03 22:41:05,confirmed_fraud,account_takeover,3075860.0,3075860|3076708|3083388|3085750|3086238|3091016|3091249|3097964|3102590|3112866|3118311|3118695|3122604|3122656,14,2351.25,,CREATE_CASE|BLOCK_CARD|FILE_REPORT,Yes,"Case CC-1450: cardholder C02354 reported unrecognized activity on card C02354-K2. 14 transaction(s) between 2016-07-21 and 2016-07-29 totaling $2,351.25 were confirmed fraudulent. Mixed-channel activity inconsistent with the cardholder; credentials and card data both used. Online transactions came from a iOS Device on mobile safari 11.0. Card blocked and reissued. Customer reimbursed."
CC-1475,C07671,C07671-K2,2016-07-31 00:50:27,2016-08-01 20:50:27,confirmed_fraud,account_takeover,3106996.0,3106996|3107600|3107670|3112239|3112324|3117085|3117123|3120420|3120423|3122136,10,1307.98,,CREATE_CASE|BLOCK_CARD|FILE_REPORT,Yes,"Case CC-1475: cardholder C07671 reported unrecognized activity on card C07671-K2. 10 transaction(s) between 2016-07-26 and 2016-07-29 totaling $1,307.98 were confirmed fraudulent. Mixed-channel activity inconsistent with the cardholder; credentials and card data both used. Card blocked and reissued. Customer reimbursed."
CC-1524,C09933,C09933-K2,2016-08-01 05:19:36,2016-08-05 01:19:36,confirmed_fraud,account_takeover,3114927.0,3114927|3116044|3116067|3118262|3123330|3123365|3125754|3128335|3130355|3130383|3130550|3130553|3130567|3130593,14,3532.83,,CREATE_CASE|BLOCK_CARD|FILE_REPORT,Yes,"Case CC-1524: cardholder C09933 reported unrecognized activity on card C09933-K2. 14 transaction(s) between 2016-07-28 and 2016-08-01 totaling $3,532.83 were confirmed fraudulent. Mixed-channel activity inconsistent with the cardholder; credentials and card data both used. Card blocked and reissued. Customer reimbursed."
CC-1589,C08623,C08623-K2,2016-08-03 00:37:36,2016-08-05 21:37:36,cleared,none,,3136399,1,0.0,,VERIFY_WITH_CUSTOMER|CLOSE_NO_FRAUD,No,Case CC-1589: model scored a $99.91 transaction at 0.94. Cardholder confirmed travel to the billing region in question. Alert cleared.
CC-1673,C12382,C12382-K1,2016-08-04 19:29:12,2016-08-06 00:29:12,confirmed_fraud,card_not_present_new_device,3140508.0,3140508,1,199.98,,CREATE_CASE|BLOCK_CARD,No,"Case CC-1673: cardholder C12382 reported unrecognized activity on card C12382-K1. 1 transaction(s) between 2016-08-04 and 2016-08-04 totaling $199.98 were confirmed fraudulent. Online purchases from a device not previously seen on this account, inconsistent with the cardholder's history. Online transactions came from a iOS Device on mobile safari 11.0. Card blocked and reissued. Customer reimbursed."
CC-1682,C09933,C09933-K2,2016-08-04 22:32:03,2016-08-06 20:32:03,confirmed_fraud,out_of_region_use,3143118.0,3143118,1,206.01,,CREATE_CASE|BLOCK_CARD,No,"Case CC-1682: cardholder C09933 reported unrecognized activity on card C09933-K2. 1 transaction(s) between 2016-08-04 and 2016-08-04 totaling $206.01 were confirmed fraudulent. Card-present use in a billing region the cardholder had no history in, while the cardholder retained the card. Card blocked and reissued. Customer reimbursed."
CC-1699,C02354,C02354-K2,2016-08-05 06:23:28,2016-08-09 01:23:28,confirmed_fraud,account_takeover,3140974.0,3140974|3144339,2,329.06,,CREATE_CASE|BLOCK_CARD,No,Case CC-1699: cardholder C02354 reported unrecognized activity on card C02354-K2. 2 transaction(s) between 2016-08-04 and 2016-08-05 totaling $329.06 were confirmed fraudulent. Mixed-channel activity inconsistent with the cardholder; credentials and card data both used. Online transactions came from a rv:57.0 on firefox. Card blocked and reissued. Customer reimbursed.
CC-1715,C13171,C13171-K2,2016-08-05 10:56:44,2016-08-11 03:56:44,confirmed_fraud,card_not_present_new_device,3119886.0,3119886|3121702|3127874|3130008|3136051|3136701|3142854|3144737,8,553.72,,CREATE_CASE|BLOCK_CARD,No,"Case CC-1715: cardholder C13171 reported unrecognized activity on card C13171-K2. 8 transaction(s) between 2016-07-29 and 2016-08-05 totaling $553.72 were confirmed fraudulent. Online purchases from a device not previously seen on this account, inconsistent with the cardholder's history. Online transactions came from a SM-A300H Build/LRX22G on chrome 63.0 for android. Card blocked and reissued. Customer reimbursed."
CC-1736,C08106,C08106-K1,2016-08-06 00:08:22,2016-08-07 20:08:22,confirmed_fraud,card_not_present_fraud,3146481.0,3146481,1,9.9,,CREATE_CASE|BLOCK_CARD,No,Case CC-1736: cardholder C08106 reported unrecognized activity on card C08106-K1. 1 transaction(s) between 2016-08-05 and 2016-08-05 totaling $9.90 were confirmed fraudulent. Online purchases inconsistent with the cardholder's usual merchants and amounts. Online transactions came from a Windows on chrome 63.0. Card blocked and reissued. Customer reimbursed.
CC-1925,C13171,C13171-K2,2016-08-10 01:01:53,2016-08-12 19:01:53,confirmed_fraud,card_not_present_fraud,3154582.0,3154582|3156117|3156207,3,120.3,,CREATE_CASE|BLOCK_CARD,No,Case CC-1925: cardholder C13171 reported unrecognized activity on card C13171-K2. 3 transaction(s) between 2016-08-08 and 2016-08-08 totaling $120.30 were confirmed fraudulent. Online purchases inconsistent with the cardholder's usual merchants and amounts. Card blocked and reissued. Customer reimbursed.
CC-2011,C07987,C07987-K2,2016-08-12 03:59:36,2016-08-17 22:59:36,confirmed_fraud,out_of_region_use,3160680.0,3160680|3160797|3162138|3166054|3166257,5,3059.89,,CREATE_CASE|BLOCK_CARD|FILE_REPORT,Yes,"Case CC-2011: cardholder C07987 reported unrecognized activity on card C07987-K2. 5 transaction(s) between 2016-08-10 and 2016-08-11 totaling $3,059.89 were confirmed fraudulent. Card-present use in a billing region the cardholder had no history in, while the cardholder retained the card. Card blocked and reissued. Customer reimbursed."
CC-2051,C02354,C02354-K2,2016-08-13 03:45:51,2016-08-14 00:45:51,confirmed_fraud,account_takeover,3156759.0,3156759|3162346|3164475|3166541|3166621,5,226.12,,CREATE_CASE|BLOCK_CARD,No,Case CC-2051: cardholder C02354 reported unrecognized activity on card C02354-K2. 5 transaction(s) between 2016-08-08 and 2016-08-12 totaling $226.12 were confirmed fraudulent. Mixed-channel activity inconsistent with the cardholder; credentials and card data both used. Card blocked and reissued. Customer reimbursed.
CC-2059,C13171,C13171-K2,2016-08-13 10:30:46,2016-08-15 01:30:46,confirmed_fraud,card_not_present_new_device,3165986.0,3165986|3169541|3169544|3169583,4,116.95,,CREATE_CASE|BLOCK_CARD,No,"Case CC-2059: cardholder C13171 reported unrecognized activity on card C13171-K2. 4 transaction(s) between 2016-08-11 and 2016-08-13 totaling $116.95 were confirmed fraudulent. Online purchases from a device not previously seen on this account, inconsistent with the cardholder's history. Online transactions came from a Windows on chrome 63.0. Card blocked and reissued. Customer reimbursed."
CC-2087,C07987,C07987-K2,2016-08-14 00:38:57,2016-08-16 18:38:57,cleared,none,,3171000,1,0.0,,VERIFY_WITH_CUSTOMER|CLOSE_NO_FRAUD,No,Case CC-2087: model scored a $150.00 transaction at 0.94. Cardholder confirmed travel to the billing region in question. Alert cleared.
CC-2121,C08106,C08106-K1,2016-08-14 20:40:42,2016-08-16 01:40:42,confirmed_fraud,card_not_present_fraud,3172456.0,3172456,1,102.68,,CREATE_CASE|BLOCK_CARD,No,Case CC-2121: cardholder C08106 reported unrecognized activity on card C08106-K1. 1 transaction(s) between 2016-08-14 and 2016-08-14 totaling $102.68 were confirmed fraudulent. Online purchases inconsistent with the cardholder's usual merchants and amounts. Card blocked and reissued. Customer reimbursed.
CC-2187,C02354,C02354-K2,2016-08-16 07:34:48,2016-08-18 13:34:48,confirmed_fraud,account_takeover,3174390.0,3174390|3175364|3175980,3,543.01,,CREATE_CASE|BLOCK_CARD,No,Case CC-2187: cardholder C02354 reported unrecognized activity on card C02354-K2. 3 transaction(s) between 2016-08-14 and 2016-08-15 totaling $543.01 were confirmed fraudulent. Mixed-channel activity inconsistent with the cardholder; credentials and card data both used. Card blocked and reissued. Customer reimbursed.
CC-2244,C13171,C13171-K2,2016-08-17 11:58:15,2016-08-22 20:58:15,confirmed_fraud,card_not_present_new_device,3180292.0,3180292,1,110.46,,CREATE_CASE|BLOCK_CARD,No,"Case CC-2244: cardholder C13171 reported unrecognized activity on card C13171-K2. 1 transaction(s) between 2016-08-16 and 2016-08-16 totaling $110.46 were confirmed fraudulent. Online purchases from a device not previously seen on this account, inconsistent with the cardholder's history. Online transactions came from a SM-G925I Build/NRD90M on chrome 63.0 for android. Card blocked and reissued. Customer reimbursed."
CC-2247,C11923,C11923-K2,2016-08-17 14:07:24,2016-08-21 19:07:24,confirmed_fraud,card_testing,3103128.0,3103128|3103840|3105307|3107103|3107222|3107272|3108201|3110562|3112024|3112443|3112469|3112492|3112619|3112633|3115350|3115368|3115540|3115541|3115556|3116598|3116633|3120105|3120848|3122525|3122913|3122940|3123793|3124057|3124062|3126430|3126462|3126630|3127810|3127879|3129905|3131142|3135973|3136623|3136967|3136983|3137009|3137056|3139688|3142913|3145228|3145244|3147966|3148124|3149626|3149704|3152296|3154589|3154618|3154621|3154637|3154869|3155100|3156116|3156137|3156171|3158070|3163015|3164850|3167028|3167097|3169089|3169102|3169155|3169159|3174243|3179879,71,4886.18,,CREATE_CASE|BLOCK_CARD|FILE_REPORT,Yes,"Case CC-2247: cardholder C11923 reported unrecognized activity on card C11923-K2. 71 transaction(s) between 2016-07-25 and 2016-08-16 totaling $4,886.18 were confirmed fraudulent. A run of very small online authorizations followed by a larger purchase, consistent with testing a stolen card number before use. Online transactions came from a Windows on chrome 63.0. Card blocked and reissued. Customer reimbursed."
CC-2277,C12265,C12265-K2,2016-08-18 05:23:30,2016-08-22 16:23:30,confirmed_fraud,account_takeover,3182252.0,3182252,1,81.93,,CREATE_CASE|BLOCK_CARD,No,Case CC-2277: cardholder C12265 reported unrecognized activity on card C12265-K2. 1 transaction(s) between 2016-08-17 and 2016-08-17 totaling $81.93 were confirmed fraudulent. Mixed-channel activity inconsistent with the cardholder; credentials and card data both used. Card blocked and reissued. Customer reimbursed.
CC-2370,C05876,C05876-K2,2016-08-20 03:47:41,2016-08-22 20:47:41,confirmed_fraud,card_not_present_fraud,3188990.0,3188990|3189081,2,149.99,,CREATE_CASE|BLOCK_CARD,No,Case CC-2370: cardholder C05876 reported unrecognized activity on card C05876-K2. 2 transaction(s) between 2016-08-19 and 2016-08-19 totaling $149.99 were confirmed fraudulent. Online purchases inconsistent with the cardholder's usual merchants and amounts. Online transactions came from a rv:11.0 on ie 11.0 for desktop. Card blocked and reissued. Customer reimbursed.
CC-2400,C02923,C02923-K1,2016-08-20 20:57:31,2016-08-25 16:57:31,confirmed_fraud,account_takeover,3185646.0,3185646|3188244|3188252,3,350.99,,CREATE_CASE|BLOCK_CARD,No,Case CC-2400: cardholder C02923 reported unrecognized activity on card C02923-K1. 3 transaction(s) between 2016-08-18 and 2016-08-19 totaling $350.99 were confirmed fraudulent. Mixed-channel activity inconsistent with the cardholder; credentials and card data both used. Card blocked and reissued. Customer reimbursed.
CC-2432,C02354,C02354-K2,2016-08-21 19:44:38,2016-08-22 16:44:38,confirmed_fraud,account_takeover,3190758.0,3190758|3191102,2,359.41,,CREATE_CASE|BLOCK_CARD,No,Case CC-2432: cardholder C02354 reported unrecognized activity on card C02354-K2. 2 transaction(s) between 2016-08-20 and 2016-08-20 totaling $359.41 were confirmed fraudulent. Mixed-channel activity inconsistent with the cardholder; credentials and card data both used. Card blocked and reissued. Customer reimbursed.
CC-2447,C12265,C12265-K2,2016-08-22 05:40:17,2016-08-26 16:40:17,confirmed_fraud,account_takeover,3193949.0,3193949,1,33.95,,CREATE_CASE|BLOCK_CARD,No,Case CC-2447: cardholder C12265 reported unrecognized activity on card C12265-K2. 1 transaction(s) between 2016-08-21 and 2016-08-21 totaling $33.95 were confirmed fraudulent. Mixed-channel activity inconsistent with the cardholder; credentials and card data both used. Card blocked and reissued. Customer reimbursed.
CC-2454,C13171,C13171-K2,2016-08-22 09:15:15,2016-08-23 21:15:15,confirmed_fraud,card_not_present_fraud,3190392.0,3190392|3190408|3194953,3,86.69,,CREATE_CASE|BLOCK_CARD,No,Case CC-2454: cardholder C13171 reported unrecognized activity on card C13171-K2. 3 transaction(s) between 2016-08-20 and 2016-08-21 totaling $86.69 were confirmed fraudulent. Online purchases inconsistent with the cardholder's usual merchants and amounts. Online transactions came from a Moto G (5) Plus Build/NPN25.137-92 on chrome generic. Card blocked and reissued. Customer reimbursed.
CC-2565,C09933,C09933-K2,2016-08-24 23:06:30,2016-08-28 21:06:30,confirmed_fraud,out_of_region_use,3189882.0,3189882|3195375|3196915|3197197|3197830|3200797,6,513.8,,CREATE_CASE|BLOCK_CARD,No,"Case CC-2565: cardholder C09933 reported unrecognized activity on card C09933-K2. 6 transaction(s) between 2016-08-20 and 2016-08-23 totaling $513.80 were confirmed fraudulent. Card-present use in a billing region the cardholder had no history in, while the cardholder retained the card. Card blocked and reissued. Customer reimbursed."
CC-2589,C02354,C02354-K2,2016-08-25 13:12:26,2016-08-29 23:12:26,confirmed_fraud,out_of_region_use,3203872.0,3203872|3203948,2,96.02,,CREATE_CASE|BLOCK_CARD,No,"Case CC-2589: cardholder C02354 reported unrecognized activity on card C02354-K2. 2 transaction(s) between 2016-08-24 and 2016-08-24 totaling $96.02 were confirmed fraudulent. Card-present use in a billing region the cardholder had no history in, while the cardholder retained the card. Card blocked and reissued. Customer reimbursed."
CC-2673,C11923,C11923-K2,2016-08-27 18:54:07,2016-09-02 06:54:07,confirmed_fraud,card_testing,3186138.0,3186138|3186160|3186448|3187009|3187050|3188317|3188386|3189940|3193275|3194839|3194942|3196129|3196157|3196538|3196540|3196886|3198442|3198938|3199813|3199827|3199856|3200333|3200410|3204764|3207341|3207390|3208778|3209214|3209716|3209784|3210458|3210460|3210467,33,1334.96,,CREATE_CASE|BLOCK_CARD|FILE_REPORT,Yes,"Case CC-2673: cardholder C11923 reported unrecognized activity on card C11923-K2. 33 transaction(s) between 2016-08-18 and 2016-08-27 totaling $1,334.96 were confirmed fraudulent. A run of very small online authorizations followed by a larger purchase, consistent with testing a stolen card number before use. Card blocked and reissued. Customer reimbursed."
CC-2716,C13171,C13171-K2,2016-08-28 15:53:02,2016-09-03 02:53:02,confirmed_fraud,card_not_present_new_device,3203970.0,3203970|3206378|3207930|3208000|3209774|3213038,6,253.69,,CREATE_CASE|BLOCK_CARD,No,"Case CC-2716: cardholder C13171 reported unrecognized activity on card C13171-K2. 6 transaction(s) between 2016-08-24 and 2016-08-28 totaling $253.69 were confirmed fraudulent. Online purchases from a device not previously seen on this account, inconsistent with the cardholder's history. Card blocked and reissued. Customer reimbursed."
CC-2717,C02923,C02923-K1,2016-08-28 16:04:23,2016-09-02 19:04:23,confirmed_fraud,account_takeover,3205296.0,3205296|3205317|3210098|3211111|3211443|3211509,6,896.08,,CREATE_CASE|BLOCK_CARD,No,Case CC-2717: cardholder C02923 reported unrecognized activity on card C02923-K1. 6 transaction(s) between 2016-08-25 and 2016-08-27 totaling $896.08 were confirmed fraudulent. Mixed-channel activity inconsistent with the cardholder; credentials and card data both used. Online transactions came from a Windows on edge 15.0. Card blocked and reissued. Customer reimbursed.
CC-2799,C11923,C11923-K2,2016-08-30 19:24:37,2016-09-02 01:24:37,confirmed_fraud,card_not_present_new_device,3216701.0,3216701|3218551,2,36.14,,CREATE_CASE|BLOCK_CARD,No,"Case CC-2799: cardholder C11923 reported unrecognized activity on card C11923-K2. 2 transaction(s) between 2016-08-29 and 2016-08-30 totaling $36.14 were confirmed fraudulent. Online purchases from a device not previously seen on this account, inconsistent with the cardholder's history. Online transactions came from a Windows on chrome 63.0. Card blocked and reissued. Customer reimbursed."
CC-2817,C08623,C08623-K2,2016-08-31 03:17:33,2016-09-03 20:17:33,confirmed_fraud,out_of_region_use,3220442.0,3220442,1,38.96,,CREATE_CASE|BLOCK_CARD,No,"Case CC-2817: cardholder C08623 reported unrecognized activity on card C08623-K2. 1 transaction(s) between 2016-08-30 and 2016-08-30 totaling $38.96 were confirmed fraudulent. Card-present use in a billing region the cardholder had no history in, while the cardholder retained the card. Card blocked and reissued. Customer reimbursed."
CC-2834,C09933,C09933-K2,2016-08-31 11:53:37,2016-09-03 18:53:37,confirmed_fraud,account_takeover,3215295.0,3215295|3215680|3218944|3220136,4,387.92,,CREATE_CASE|BLOCK_CARD,No,Case CC-2834: cardholder C09933 reported unrecognized activity on card C09933-K2. 4 transaction(s) between 2016-08-28 and 2016-08-30 totaling $387.92 were confirmed fraudulent. Mixed-channel activity inconsistent with the cardholder; credentials and card data both used. Card blocked and reissued. Customer reimbursed.
CC-2857,C02923,C02923-K1,2016-09-01 00:18:13,2016-09-05 22:18:13,confirmed_fraud,account_takeover,3220814.0,3220814|3220870,2,539.97,,CREATE_CASE|BLOCK_CARD,No,Case CC-2857: cardholder C02923 reported unrecognized activity on card C02923-K1. 2 transaction(s) between 2016-08-30 and 2016-08-30 totaling $539.97 were confirmed fraudulent. Mixed-channel activity inconsistent with the cardholder; credentials and card data both used. Card blocked and reissued. Customer reimbursed.
CC-2860,C07987,C07987-K2,2016-09-01 00:34:41,2016-09-02 14:34:41,confirmed_fraud,card_not_present_fraud,3222220.0,3222220,1,149.92,,CREATE_CASE|BLOCK_CARD,No,Case CC-2860: cardholder C07987 reported unrecognized activity on card C07987-K2. 1 transaction(s) between 2016-08-31 and 2016-08-31 totaling $149.92 were confirmed fraudulent. Online purchases inconsistent with the cardholder's usual merchants and amounts. Online transactions came from a rv:57.0 on firefox 57.0. Card blocked and reissued. Customer reimbursed.
CC-2935,C08623,C08623-K2,2016-09-02 08:49:06,2016-09-04 05:49:06,confirmed_fraud,out_of_region_use,3227871.0,3227871|3227895,2,238.0,,CREATE_CASE|BLOCK_CARD,No,"Case CC-2935: cardholder C08623 reported unrecognized activity on card C08623-K2. 2 transaction(s) between 2016-09-02 and 2016-09-02 totaling $238.00 were confirmed fraudulent. Card-present use in a billing region the cardholder had no history in, while the cardholder retained the card. Card blocked and reissued. Customer reimbursed."
CC-2964,C12382,C12382-K1,2016-09-03 00:50:57,2016-09-05 22:50:57,confirmed_fraud,out_of_region_use,3226855.0,3226855,1,171.08,,CREATE_CASE|BLOCK_CARD,No,"Case CC-2964: cardholder C12382 reported unrecognized activity on card C12382-K1. 1 transaction(s) between 2016-09-01 and 2016-09-01 totaling $171.08 were confirmed fraudulent. Card-present use in a billing region the cardholder had no history in, while the cardholder retained the card. Card blocked and reissued. Customer reimbursed."
CC-2986,C09933,C09933-K2,2016-09-03 11:18:11,2016-09-05 01:18:11,confirmed_fraud,out_of_region_use,3230964.0,3230964,1,210.02,,CREATE_CASE|BLOCK_CARD,No,"Case CC-2986: cardholder C09933 reported unrecognized activity on card C09933-K2. 1 transaction(s) between 2016-09-03 and 2016-09-03 totaling $210.02 were confirmed fraudulent. Card-present use in a billing region the cardholder had no history in, while the cardholder retained the card. Card blocked and reissued. Customer reimbursed."
CC-3039,C11923,C11923-K2,2016-09-04 17:18:26,2016-09-09 01:18:26,confirmed_fraud,card_not_present_new_device,3227364.0,3227364|3228001|3229286|3231610|3231612|3232900|3233820|3234600,8,108.85,,CREATE_CASE|BLOCK_CARD,No,"Case CC-3039: cardholder C11923 reported unrecognized activity on card C11923-K2. 8 transaction(s) between 2016-09-02 and 2016-09-04 totaling $108.85 were confirmed fraudulent. Online purchases from a device not previously seen on this account, inconsistent with the cardholder's history. Card blocked and reissued. Customer reimbursed."
CC-3079,C13171,C13171-K2,2016-09-05 09:25:32,2016-09-10 19:25:32,confirmed_fraud,card_not_present_new_device,3224407.0,3224407|3224421|3227395|3228738|3228873|3228910|3228965|3229170|3229528|3233879|3234059|3234250|3234576|3236595,14,847.02,,CREATE_CASE|BLOCK_CARD,No,"Case CC-3079: cardholder C13171 reported unrecognized activity on card C13171-K2. 14 transaction(s) between 2016-09-01 and 2016-09-04 totaling $847.02 were confirmed fraudulent. Online purchases from a device not previously seen on this account, inconsistent with the cardholder's history. Card blocked and reissued. Customer reimbursed."
CC-3085,C02354,C02354-K2,2016-09-05 12:11:49,2016-09-10 00:11:49,confirmed_fraud,account_takeover,3231738.0,3231738|3231751|3231776|3237600|3237671|3237694,6,2328.05,,CREATE_CASE|BLOCK_CARD|FILE_REPORT,Yes,"Case CC-3085: cardholder C02354 reported unrecognized activity on card C02354-K2. 6 transaction(s) between 2016-09-03 and 2016-09-05 totaling $2,328.05 were confirmed fraudulent. Mixed-channel activity inconsistent with the cardholder; credentials and card data both used. Card blocked and reissued. Customer reimbursed."
CC-3136,C09933,C09933-K2,2016-09-06 17:41:27,2016-09-08 02:41:27,confirmed_fraud,account_takeover,3241674.0,3241674,1,73.99,,CREATE_CASE|BLOCK_CARD,No,Case CC-3136: cardholder C09933 reported unrecognized activity on card C09933-K2. 1 transaction(s) between 2016-09-06 and 2016-09-06 totaling $73.99 were confirmed fraudulent. Mixed-channel activity inconsistent with the cardholder; credentials and card data both used. Card blocked and reissued. Customer reimbursed.
CC-3206,C11923,C11923-K2,2016-09-08 09:12:22,2016-09-13 02:12:22,confirmed_fraud,card_not_present_new_device,3243592.0,3243592|3247856|3247862,3,100.24,,CREATE_CASE|BLOCK_CARD,No,"Case CC-3206: cardholder C11923 reported unrecognized activity on card C11923-K2. 3 transaction(s) between 2016-09-06 and 2016-09-08 totaling $100.24 were confirmed fraudulent. Online purchases from a device not previously seen on this account, inconsistent with the cardholder's history. Online transactions came from a Windows on chrome 64.0. Card blocked and reissued. Customer reimbursed."
CC-3216,C07671,C07671-K2,2016-09-08 12:21:18,2016-09-12 01:21:18,confirmed_fraud,card_not_present_new_device,3247646.0,3247646|3247679|3247726,3,449.97,,CREATE_CASE|BLOCK_CARD,No,"Case CC-3216: cardholder C07671 reported unrecognized activity on card C07671-K2. 3 transaction(s) between 2016-09-08 and 2016-09-08 totaling $449.97 were confirmed fraudulent. Online purchases from a device not previously seen on this account, inconsistent with the cardholder's history. Online transactions came from a iOS Device on mobile safari generic. Card blocked and reissued. Customer reimbursed."
CC-3327,C08623,C08623-K2,2016-09-11 01:49:57,2016-09-13 04:49:57,confirmed_fraud,account_takeover,3252324.0,3252324|3252393|3254075,3,528.69,,CREATE_CASE|BLOCK_CARD,No,Case CC-3327: cardholder C08623 reported unrecognized activity on card C08623-K2. 3 transaction(s) between 2016-09-09 and 2016-09-10 totaling $528.69 were confirmed fraudulent. Mixed-channel activity inconsistent with the cardholder; credentials and card data both used. Online transactions came from a SAMSUNG SM-S727VL Build/MMB29M on samsung browser 6.2. Card blocked and reissued. Customer reimbursed.
CC-3422,C13171,C13171-K2,2016-09-13 08:11:47,2016-09-17 02:11:47,confirmed_fraud,card_not_present_fraud,3262531.0,3262531|3262544,2,124.24,,CREATE_CASE|BLOCK_CARD,No,Case CC-3422: cardholder C13171 reported unrecognized activity on card C13171-K2. 2 transaction(s) between 2016-09-13 and 2016-09-13 totaling $124.24 were confirmed fraudulent. Online purchases inconsistent with the cardholder's usual merchants and amounts. Online transactions came from a Windows on chrome 64.0. Card blocked and reissued. Customer reimbursed.
CC-3439,C09933,C09933-K2,2016-09-13 20:39:39,2016-09-16 00:39:39,confirmed_fraud,out_of_region_use,3255549.0,3255549|3256630|3262275,3,454.82,,CREATE_CASE|BLOCK_CARD,No,"Case CC-3439: cardholder C09933 reported unrecognized activity on card C09933-K2. 3 transaction(s) between 2016-09-10 and 2016-09-13 totaling $454.82 were confirmed fraudulent. Card-present use in a billing region the cardholder had no history in, while the cardholder retained the card. Card blocked and reissued. Customer reimbursed."
CC-3537,C02354,C02354-K2,2016-09-16 03:31:31,2016-09-17 23:31:31,confirmed_fraud,out_of_region_use,3263436.0,3263436|3268025,2,275.93,,CREATE_CASE|BLOCK_CARD,No,"Case CC-3537: cardholder C02354 reported unrecognized activity on card C02354-K2. 2 transaction(s) between 2016-09-13 and 2016-09-14 totaling $275.93 were confirmed fraudulent. Card-present use in a billing region the cardholder had no history in, while the cardholder retained the card. Card blocked and reissued. Customer reimbursed."
CC-3566,C13171,C13171-K2,2016-09-16 18:50:28,2016-09-20 23:50:28,confirmed_fraud,card_not_present_fraud,3270963.0,3270963|3271098,2,88.07,,CREATE_CASE|BLOCK_CARD,No,Case CC-3566: cardholder C13171 reported unrecognized activity on card C13171-K2. 2 transaction(s) between 2016-09-15 and 2016-09-15 totaling $88.07 were confirmed fraudulent. Online purchases inconsistent with the cardholder's usual merchants and amounts. Online transactions came from a Windows on chrome 64.0. Card blocked and reissued. Customer reimbursed.
CC-3587,C12382,C12382-K1,2016-09-17 04:08:08,2016-09-21 01:08:08,confirmed_fraud,out_of_region_use,3271314.0,3271314,1,49.09,,CREATE_CASE|BLOCK_CARD,No,"Case CC-3587: cardholder C12382 reported unrecognized activity on card C12382-K1. 1 transaction(s) between 2016-09-16 and 2016-09-16 totaling $49.09 were confirmed fraudulent. Card-present use in a billing region the cardholder had no history in, while the cardholder retained the card. Card blocked and reissued. Customer reimbursed."
CC-3634,C02354,C02354-K2,2016-09-18 06:08:17,2016-09-20 06:08:17,confirmed_fraud,account_takeover,3274919.0,3274919,1,96.96,,CREATE_CASE|BLOCK_CARD,No,Case CC-3634: cardholder C02354 reported unrecognized activity on card C02354-K2. 1 transaction(s) between 2016-09-17 and 2016-09-17 totaling $96.96 were confirmed fraudulent. Mixed-channel activity inconsistent with the cardholder; credentials and card data both used. Card blocked and reissued. Customer reimbursed.
CC-3682,C08623,C08623-K2,2016-09-19 08:55:46,2016-09-24 03:55:46,confirmed_fraud,out_of_region_use,3275452.0,3275452|3280670,2,300.51,,CREATE_CASE|BLOCK_CARD,No,"Case CC-3682: cardholder C08623 reported unrecognized activity on card C08623-K2. 2 transaction(s) between 2016-09-17 and 2016-09-19 totaling $300.51 were confirmed fraudulent. Card-present use in a billing region the cardholder had no history in, while the cardholder retained the card. Card blocked and reissued. Customer reimbursed."
CC-3728,C13171,C13171-K2,2016-09-20 09:24:14,2016-09-25 01:24:14,confirmed_fraud,card_not_present_fraud,3280741.0,3280741|3281211|3283227,3,113.95,,CREATE_CASE|BLOCK_CARD,No,Case CC-3728: cardholder C13171 reported unrecognized activity on card C13171-K2. 3 transaction(s) between 2016-09-19 and 2016-09-20 totaling $113.95 were confirmed fraudulent. Online purchases inconsistent with the cardholder's usual merchants and amounts. Online transactions came from a Mi on chrome 64.0 for android. Card blocked and reissued. Customer reimbursed.
CC-3761,C07671,C07671-K2,2016-09-21 02:32:39,2016-09-22 00:32:39,cleared,none,,3285920,1,0.0,,VERIFY_WITH_CUSTOMER|CLOSE_NO_FRAUD,No,"Case CC-3761: model scored a $3,891.01 transaction at 0.89. Cardholder confirmed the purchase. Amount unusual for this customer but consistent with their stated intent. Alert cleared."
CC-3778,C08106,C08106-K1,2016-09-21 09:52:21,2016-09-25 23:52:21,confirmed_fraud,card_not_present_fraud,3285800.0,3285800,1,58.42,,CREATE_CASE|BLOCK_CARD,No,Case CC-3778: cardholder C08106 reported unrecognized activity on card C08106-K1. 1 transaction(s) between 2016-09-20 and 2016-09-20 totaling $58.42 were confirmed fraudulent. Online purchases inconsistent with the cardholder's usual merchants and amounts. Card blocked and reissued. Customer reimbursed.
CC-3821,C09933,C09933-K2,2016-09-22 11:28:04,2016-09-27 23:28:04,confirmed_fraud,out_of_region_use,3274830.0,3274830|3277847|3277850|3279313|3284741|3288463,6,1137.05,,CREATE_CASE|BLOCK_CARD|FILE_REPORT,Yes,"Case CC-3821: cardholder C09933 reported unrecognized activity on card C09933-K2. 6 transaction(s) between 2016-09-17 and 2016-09-21 totaling $1,137.05 were confirmed fraudulent. Card-present use in a billing region the cardholder had no history in, while the cardholder retained the card. Card blocked and reissued. Customer reimbursed."
CC-3886,C03042,C03042-K1,2016-09-24 10:19:55,2016-09-27 07:19:55,confirmed_fraud,card_not_present_new_device,3292070.0,3292070,1,175.05,,CREATE_CASE|BLOCK_CARD,No,"Case CC-3886: cardholder C03042 reported unrecognized activity on card C03042-K1. 1 transaction(s) between 2016-09-23 and 2016-09-23 totaling $175.05 were confirmed fraudulent. Online purchases from a device not previously seen on this account, inconsistent with the cardholder's history. Online transactions came from a iOS Device on mobile safari generic. Card blocked and reissued. Customer reimbursed."
CC-3899,C02354,C02354-K2,2016-09-24 18:20:06,2016-09-30 05:20:06,confirmed_fraud,account_takeover,3287842.0,3287842|3291285|3294069|3294310|3294923|3294932,6,567.93,,CREATE_CASE|BLOCK_CARD,No,Case CC-3899: cardholder C02354 reported unrecognized activity on card C02354-K2. 6 transaction(s) between 2016-09-21 and 2016-09-24 totaling $567.93 were confirmed fraudulent. Mixed-channel activity inconsistent with the cardholder; credentials and card data both used. Card blocked and reissued. Customer reimbursed.
CC-3905,C11923,C11923-K2,2016-09-24 21:43:58,2016-09-27 19:43:58,confirmed_fraud,card_not_present_new_device,3257020.0,3257020|3257030|3257080|3257121|3257584|3257647|3259674|3263403|3263419|3264289|3266394|3269346|3270045|3271281|3271291|3273531|3274038|3274582|3276134|3276895|3276960|3277868|3280771|3281699|3281735|3283597|3289024|3289315|3289316|3289319|3289322|3289323|3289325|3289328|3289753|3289762|3289809|3289966|3289991|3290047|3292106|3292107|3292108|3293317,44,1397.53,,CREATE_CASE|BLOCK_CARD|FILE_REPORT,Yes,"Case CC-3905: cardholder C11923 reported unrecognized activity on card C11923-K2. 44 transaction(s) between 2016-09-11 and 2016-09-23 totaling $1,397.53 were confirmed fraudulent. Online purchases from a device not previously seen on this account, inconsistent with the cardholder's history. Online transactions came from a SAMSUNG SM-G532M Build/MMB29T on Samsung/SM-G532M. Card blocked and reissued. Customer reimbursed."
CC-3928,C13171,C13171-K2,2016-09-25 06:58:46,2016-09-30 07:58:46,confirmed_fraud,card_not_present_new_device,3288848.0,3288848|3293885|3294390|3295001,4,165.82,,CREATE_CASE|BLOCK_CARD,No,"Case CC-3928: cardholder C13171 reported unrecognized activity on card C13171-K2. 4 transaction(s) between 2016-09-22 and 2016-09-24 totaling $165.82 were confirmed fraudulent. Online purchases from a device not previously seen on this account, inconsistent with the cardholder's history. Card blocked and reissued. Customer reimbursed."
CC-4070,C02354,C02354-K2,2016-09-28 08:19:32,2016-10-03 14:19:32,confirmed_fraud,account_takeover,3301381.0,3301381|3301771|3304460,3,2064.03,,CREATE_CASE|BLOCK_CARD|FILE_REPORT,Yes,"Case CC-4070: cardholder C02354 reported unrecognized activity on card C02354-K2. 3 transaction(s) between 2016-09-26 and 2016-09-27 totaling $2,064.03 were confirmed fraudulent. Mixed-channel activity inconsistent with the cardholder; credentials and card data both used. Card blocked and reissued. Customer reimbursed."
CC-4160,C11891,C11891-K1,2016-09-30 08:59:51,2016-10-02 18:59:51,confirmed_fraud,card_not_present_fraud,3311844.0,3311844,1,90.54,,CREATE_CASE|BLOCK_CARD,No,Case CC-4160: cardholder C11891 reported unrecognized activity on card C11891-K1. 1 transaction(s) between 2016-09-29 and 2016-09-29 totaling $90.54 were confirmed fraudulent. Online purchases inconsistent with the cardholder's usual merchants and amounts. Online transactions came from a MotoE2(4G-LTE on chrome generic. Card blocked and reissued. Customer reimbursed.
CC-4163,C13171,C13171-K2,2016-09-30 09:42:15,2016-10-05 21:42:15,confirmed_fraud,card_not_present_new_device,3302372.0,3302372|3305687|3306629|3308640|3308682|3309941|3312546,7,582.46,,CREATE_CASE|BLOCK_CARD,No,"Case CC-4163: cardholder C13171 reported unrecognized activity on card C13171-K2. 7 transaction(s) between 2016-09-26 and 2016-09-29 totaling $582.46 were confirmed fraudulent. Online purchases from a device not previously seen on this account, inconsistent with the cardholder's history. Online transactions came from a Windows on chrome 63.0. Card blocked and reissued. Customer reimbursed."
CC-4196,C09933,C09933-K2,2016-10-01 01:34:51,2016-10-05 20:34:51,confirmed_fraud,out_of_region_use,3304612.0,3304612|3304615|3309664|3312264,4,546.94,,CREATE_CASE|BLOCK_CARD,No,"Case CC-4196: cardholder C09933 reported unrecognized activity on card C09933-K2. 4 transaction(s) between 2016-09-27 and 2016-09-29 totaling $546.94 were confirmed fraudulent. Card-present use in a billing region the cardholder had no history in, while the cardholder retained the card. Card blocked and reissued. Customer reimbursed."
CC-4277,C09933,C09933-K2,2016-10-03 00:39:11,2016-10-07 14:39:11,confirmed_fraud,out_of_region_use,3322706.0,3322706,1,209.86,,CREATE_CASE|BLOCK_CARD,No,"Case CC-4277: cardholder C09933 reported unrecognized activity on card C09933-K2. 1 transaction(s) between 2016-10-02 and 2016-10-02 totaling $209.86 were confirmed fraudulent. Card-present use in a billing region the cardholder had no history in, while the cardholder retained the card. Card blocked and reissued. Customer reimbursed."
CC-4294,C07671,C07671-K2,2016-10-03 08:02:00,2016-10-08 22:02:00,confirmed_fraud,account_takeover,3320387.0,3320387|3324796,2,506.01,,CREATE_CASE|BLOCK_CARD,No,Case CC-4294: cardholder C07671 reported unrecognized activity on card C07671-K2. 2 transaction(s) between 2016-10-01 and 2016-10-02 totaling $506.01 were confirmed fraudulent. Mixed-channel activity inconsistent with the cardholder; credentials and card data both used. Card blocked and reissued. Customer reimbursed.
CC-4436,C02354,C02354-K2,2016-10-06 05:49:05,2016-10-07 00:49:05,confirmed_fraud,out_of_region_use,3312421.0,3312421|3315718|3317329|3319554|3319560|3319878|3319906|3319933|3326388|3331248|3333448,11,2610.53,,CREATE_CASE|BLOCK_CARD|FILE_REPORT,Yes,"Case CC-4436: cardholder C02354 reported unrecognized activity on card C02354-K2. 11 transaction(s) between 2016-09-29 and 2016-10-05 totaling $2,610.53 were confirmed fraudulent. Card-present use in a billing region the cardholder had no history in, while the cardholder retained the card. Card blocked and reissued. Customer reimbursed."
CC-4455,C09933,C09933-K2,2016-10-06 14:46:42,2016-10-10 17:46:42,confirmed_fraud,account_takeover,3332883.0,3332883|3335227|3335240,3,234.84,,CREATE_CASE|BLOCK_CARD,No,Case CC-4455: cardholder C09933 reported unrecognized activity on card C09933-K2. 3 transaction(s) between 2016-10-04 and 2016-10-05 totaling $234.84 were confirmed fraudulent. Mixed-channel activity inconsistent with the cardholder; credentials and card data both used. Card blocked and reissued. Customer reimbursed.
CC-4485,C13171,C13171-K2,2016-10-07 05:02:14,2016-10-11 03:02:14,confirmed_fraud,card_not_present_new_device,3334243.0,3334243|3334245|3337712,3,105.12,,CREATE_CASE|BLOCK_CARD,No,"Case CC-4485: cardholder C13171 reported unrecognized activity on card C13171-K2. 3 transaction(s) between 2016-10-05 and 2016-10-06 totaling $105.12 were confirmed fraudulent. Online purchases from a device not previously seen on this account, inconsistent with the cardholder's history. Online transactions came from a BLADE V8 SE Build/NRD90M on chrome 64.0 for android. Card blocked and reissued. Customer reimbursed."
CC-4501,C11923,C11923-K2,2016-10-07 12:05:47,2016-10-11 15:05:47,confirmed_fraud,card_testing,3302336.0,3302336|3308522|3308562|3308616|3308868|3309553|3310510|3310512|3313166|3315275|3317939|3317948|3317954|3317956|3317959|3318049|3319832|3319913|3326416|3332442|3334086|3336192|3337324|3337374|3338428|3338446|3338472|3338475,28,1508.58,,CREATE_CASE|BLOCK_CARD|FILE_REPORT,Yes,"Case CC-4501: cardholder C11923 reported unrecognized activity on card C11923-K2. 28 transaction(s) between 2016-09-26 and 2016-10-06 totaling $1,508.58 were confirmed fraudulent. A run of very small online authorizations followed by a larger purchase, consistent with testing a stolen card number before use. Card blocked and reissued. Customer reimbursed."
CC-4597,C09933,C09933-K2,2016-10-09 10:42:26,2016-10-15 00:42:26,confirmed_fraud,account_takeover,3347174.0,3347174,1,68.91,,CREATE_CASE|BLOCK_CARD,No,Case CC-4597: cardholder C09933 reported unrecognized activity on card C09933-K2. 1 transaction(s) between 2016-10-09 and 2016-10-09 totaling $68.91 were confirmed fraudulent. Mixed-channel activity inconsistent with the cardholder; credentials and card data both used. Card blocked and reissued. Customer reimbursed.
CC-4721,C02354,C02354-K2,2016-10-11 22:12:18,2016-10-16 18:12:18,confirmed_fraud,out_of_region_use,3341425.0,3341425|3341430|3341438|3342644|3345735|3345816|3347393|3349859|3349993|3351986,10,1386.57,,CREATE_CASE|BLOCK_CARD|FILE_REPORT,Yes,"Case CC-4721: cardholder C02354 reported unrecognized activity on card C02354-K2. 10 transaction(s) between 2016-10-07 and 2016-10-10 totaling $1,386.57 were confirmed fraudulent. Card-present use in a billing region the cardholder had no history in, while the cardholder retained the card. Card blocked and reissued. Customer reimbursed."
CC-4743,C11923,C11923-K2,2016-10-12 10:17:15,2016-10-14 03:17:15,cleared,none,,3357080,1,0.0,,VERIFY_WITH_CUSTOMER|CLOSE_NO_FRAUD,No,Case CC-4743: model scored a $32.09 transaction at 0.96. Cardholder confirmed the purchase from a new phone. Device added to profile. Alert cleared.
CC-4787,C09933,C09933-K2,2016-10-13 15:55:51,2016-10-17 18:55:51,confirmed_fraud,account_takeover,3356275.0,3356275|3356926|3357004|3358442,4,804.14,,CREATE_CASE|BLOCK_CARD,No,Case CC-4787: cardholder C09933 reported unrecognized activity on card C09933-K2. 4 transaction(s) between 2016-10-11 and 2016-10-12 totaling $804.14 were confirmed fraudulent. Mixed-channel activity inconsistent with the cardholder; credentials and card data both used. Online transactions came from a iOS Device on mobile safari generic. Card blocked and reissued. Customer reimbursed.
CC-4819,C13171,C13171-K2,2016-10-14 09:42:29,2016-10-15 03:42:29,cleared,none,,3363087,1,0.0,,VERIFY_WITH_CUSTOMER|CLOSE_NO_FRAUD,No,Case CC-4819: model scored a $66.52 transaction at 0.92. Cardholder confirmed the purchase from a new phone. Device added to profile. Alert cleared.
CC-4942,C02354,C02354-K2,2016-10-17 13:58:18,2016-10-22 16:58:18,confirmed_fraud,out_of_region_use,3362805.0,3362805|3364912|3366319|3370000|3370038,5,1094.94,,CREATE_CASE|BLOCK_CARD|FILE_REPORT,Yes,"Case CC-4942: cardholder C02354 reported unrecognized activity on card C02354-K2. 5 transaction(s) between 2016-10-14 and 2016-10-16 totaling $1,094.94 were confirmed fraudulent. Card-present use in a billing region the cardholder had no history in, while the cardholder retained the card. Card blocked and reissued. Customer reimbursed."
CC-4957,C08623,C08623-K2,2016-10-18 00:16:26,2016-10-22 22:16:26,confirmed_fraud,out_of_region_use,3371052.0,3371052,1,48.02,,CREATE_CASE|BLOCK_CARD,No,"Case CC-4957: cardholder C08623 reported unrecognized activity on card C08623-K2. 1 transaction(s) between 2016-10-16 and 2016-10-16 totaling $48.02 were confirmed fraudulent. Card-present use in a billing region the cardholder had no history in, while the cardholder retained the card. Card blocked and reissued. Customer reimbursed."
CC-5010,C13171,C13171-K2,2016-10-19 03:56:05,2016-10-23 05:56:05,confirmed_fraud,card_not_present_new_device,3355424.0,3355424|3356092|3358142|3359129|3361971|3363181|3363297|3365800|3365863|3366112|3366217|3366268|3366481|3368201|3373657|3375081|3375082,17,629.26,,CREATE_CASE|BLOCK_CARD,No,"Case CC-5010: cardholder C13171 reported unrecognized activity on card C13171-K2. 17 transaction(s) between 2016-10-11 and 2016-10-18 totaling $629.26 were confirmed fraudulent. Online purchases from a device not previously seen on this account, inconsistent with the cardholder's history. Online transactions came from a SM-A300H Build/LRX22G on chrome generic. Card blocked and reissued. Customer reimbursed."
CC-5026,C07987,C07987-K2,2016-10-19 12:21:43,2016-10-20 18:21:43,confirmed_fraud,out_of_region_use,3376101.0,3376101|3376146|3376171,3,309.86,,CREATE_CASE|BLOCK_CARD,No,"Case CC-5026: cardholder C07987 reported unrecognized activity on card C07987-K2. 3 transaction(s) between 2016-10-18 and 2016-10-18 totaling $309.86 were confirmed fraudulent. Card-present use in a billing region the cardholder had no history in, while the cardholder retained the card. Card blocked and reissued. Customer reimbursed."
CC-5092,C09933,C09933-K2,2016-10-21 03:28:03,2016-10-26 20:28:03,confirmed_fraud,out_of_region_use,3375430.0,3375430|3380309|3382539,3,215.07,,CREATE_CASE|BLOCK_CARD,No,"Case CC-5092: cardholder C09933 reported unrecognized activity on card C09933-K2. 3 transaction(s) between 2016-10-18 and 2016-10-20 totaling $215.07 were confirmed fraudulent. Card-present use in a billing region the cardholder had no history in, while the cardholder retained the card. Card blocked and reissued. Customer reimbursed."
CC-5441,C02354,C02354-K2,2016-10-29 16:31:52,2016-11-01 00:31:52,confirmed_fraud,out_of_region_use,3376144.0,3376144|3377280|3377384|3378212|3384000|3384316|3385775|3386981|3386983|3388208|3389127|3389161|3389261|3395191|3399218|3404260|3406464|3406477|3407535,19,2698.02,,CREATE_CASE|BLOCK_CARD|FILE_REPORT,Yes,"Case CC-5441: cardholder C02354 reported unrecognized activity on card C02354-K2. 19 transaction(s) between 2016-10-18 and 2016-10-29 totaling $2,698.02 were confirmed fraudulent. Card-present use in a billing region the cardholder had no history in, while the cardholder retained the card. Card blocked and reissued. Customer reimbursed."
CC-5521,C09933,C09933-K2,2016-10-31 13:33:09,2016-11-01 20:33:09,confirmed_fraud,account_takeover,3392668.0,3392668|3395273|3397540|3402399|3408153|3408273|3410985|3411056|3413312,9,730.52,,CREATE_CASE|BLOCK_CARD,No,Case CC-5521: cardholder C09933 reported unrecognized activity on card C09933-K2. 9 transaction(s) between 2016-10-24 and 2016-10-30 totaling $730.52 were confirmed fraudulent. Mixed-channel activity inconsistent with the cardholder; credentials and card data both used. Online transactions came from a iOS Device on mobile safari generic. Card blocked and reissued. Customer reimbursed.
CC-5558,C02354,C02354-K2,2016-11-01 12:12:15,2016-11-06 23:12:15,confirmed_fraud,card_not_present_fraud,3417221.0,3417221,1,8.2,,CREATE_CASE|BLOCK_CARD,No,Case CC-5558: cardholder C02354 reported unrecognized activity on card C02354-K2. 1 transaction(s) between 2016-10-31 and 2016-10-31 totaling $8.20 were confirmed fraudulent. Online purchases inconsistent with the cardholder's usual merchants and amounts. Card blocked and reissued. Customer reimbursed.
